sudokuID,name,numOfConstraints,result,totalTime,loop,backtrack,flip,unit
1,r9_c9_b9,27,SAT,0.2865920066833496,1,0,0,728
2,r9_c9_b9,27,SAT,0.29445981979370117,0,0,0,729
3,r9_c9_b9,27,SAT,0.3509640693664551,11,1,3,931
4,r9_c9_b9,27,SAT,0.31148791313171387,0,0,0,729
5,r9_c9_b9,27,SAT,0.30832719802856445,0,0,0,729
6,r9_c9_b9,27,SAT,0.3494400978088379,4,1,2,815
7,r9_c9_b9,27,SAT,0.3199489116668701,0,0,0,729
8,r9_c9_b9,27,SAT,0.32024407386779785,0,0,0,729
9,r9_c9_b9,27,SAT,0.32744717597961426,0,0,0,729
10,r9_c9_b9,27,SAT,0.33154797554016113,3,0,0,726
11,r9_c9_b9,27,SAT,0.9844250679016113,122,37,58,3442
12,r9_c9_b9,27,SAT,0.28443288803100586,0,0,0,729
13,r9_c9_b9,27,SAT,0.3080630302429199,2,0,1,799
14,r9_c9_b9,27,SAT,0.3016791343688965,5,0,1,742
15,r9_c9_b9,27,SAT,0.29682302474975586,2,0,0,727
16,r9_c9_b9,27,SAT,0.32281994819641113,9,1,3,823
17,r9_c9_b9,27,SAT,0.3334169387817383,0,0,0,729
18,r9_c9_b9,27,SAT,0.3612098693847656,0,0,0,729
19,r9_c9_b9,27,SAT,0.355968713760376,0,0,0,729
20,r9_c9_b9,27,SAT,0.29639196395874023,0,0,0,729
21,r9_c9_b9,27,SAT,0.31520581245422363,0,0,0,729
22,r9_c9_b9,27,SAT,0.3273138999938965,5,0,1,749
23,r9_c9_b9,27,SAT,0.5299341678619385,20,7,10,1433
24,r9_c9_b9,27,SAT,0.31344103813171387,0,0,0,729
25,r9_c9_b9,27,SAT,0.29953503608703613,2,0,0,727
26,r9_c9_b9,27,SAT,0.29758501052856445,2,0,0,727
27,r9_c9_b9,27,SAT,0.33618712425231934,1,0,0,728
28,r9_c9_b9,27,SAT,0.6287150382995605,45,14,20,1853
29,r9_c9_b9,27,SAT,0.35567212104797363,0,0,0,729
30,r9_c9_b9,27,SAT,0.320605993270874,0,0,0,729
31,r9_c9_b9,27,SAT,0.3243892192840576,1,0,0,728
32,r9_c9_b9,27,SAT,0.3287019729614258,0,0,0,729
33,r9_c9_b9,27,SAT,0.3106698989868164,2,0,0,727
34,r9_c9_b9,27,SAT,0.32663989067077637,0,0,0,729
35,r9_c9_b9,27,SAT,0.7734169960021973,60,18,28,2414
36,r9_c9_b9,27,SAT,2.0978140830993652,187,72,92,7116
37,r9_c9_b9,27,SAT,0.40709805488586426,1,0,0,728
38,r9_c9_b9,27,SAT,0.34538698196411133,1,0,0,728
39,r9_c9_b9,27,SAT,0.3941152095794678,0,0,0,729
40,r9_c9_b9,27,SAT,0.36545705795288086,9,2,3,816
41,r9_c9_b9,27,SAT,0.7035059928894043,58,15,25,2109
42,r9_c9_b9,27,SAT,0.3070640563964844,0,0,0,729
43,r9_c9_b9,27,SAT,0.32025909423828125,0,0,0,729
44,r9_c9_b9,27,SAT,0.4211249351501465,16,5,8,1151
45,r9_c9_b9,27,SAT,0.43221306800842285,23,6,9,1154
46,r9_c9_b9,27,SAT,0.3339860439300537,9,0,3,845
47,r9_c9_b9,27,SAT,0.3065938949584961,0,0,0,729
48,r9_c9_b9,27,SAT,0.31131887435913086,0,0,0,729
49,r9_c9_b9,27,SAT,0.46073031425476074,17,5,8,1301
50,r9_c9_b9,27,SAT,0.3031177520751953,4,0,1,730
51,r9_c9_b9,27,SAT,0.31845593452453613,0,0,0,729
52,r9_c9_b9,27,SAT,0.3155858516693115,0,0,0,729
53,r9_c9_b9,27,SAT,0.30577707290649414,2,0,0,727
54,r9_c9_b9,27,SAT,0.3029019832611084,0,0,0,729
55,r9_c9_b9,27,SAT,0.3950161933898926,26,7,12,1147
56,r9_c9_b9,27,SAT,0.8270049095153809,80,24,37,2870
57,r9_c9_b9,27,SAT,0.30512309074401855,0,0,0,729
58,r9_c9_b9,27,SAT,0.321702241897583,0,0,0,729
59,r9_c9_b9,27,SAT,0.329603910446167,4,0,1,729
60,r9_c9_b9,27,SAT,0.3400270938873291,8,1,3,886
61,r9_c9_b9,27,SAT,1.0437068939208984,101,36,50,3524
62,r9_c9_b9,27,SAT,0.3206367492675781,0,0,0,729
63,r9_c9_b9,27,SAT,0.30386900901794434,2,0,0,727
64,r9_c9_b9,27,SAT,0.29671597480773926,0,0,0,729
65,r9_c9_b9,27,SAT,0.30602216720581055,0,0,0,729
66,r9_c9_b9,27,SAT,0.34278297424316406,6,0,2,848
67,r9_c9_b9,27,SAT,0.3185563087463379,0,0,0,729
68,r9_c9_b9,27,SAT,0.4131777286529541,17,5,8,1115
69,r9_c9_b9,27,SAT,0.3123009204864502,0,0,0,729
70,r9_c9_b9,27,SAT,0.3013758659362793,0,0,0,729
71,r9_c9_b9,27,SAT,0.43466877937316895,16,4,6,1095
72,r9_c9_b9,27,SAT,0.3228929042816162,5,0,2,828
73,r9_c9_b9,27,SAT,0.41328001022338867,18,6,9,1217
74,r9_c9_b9,27,SAT,0.6322193145751953,39,11,19,2042
75,r9_c9_b9,27,SAT,0.3147547245025635,0,0,0,729
76,r9_c9_b9,27,SAT,0.30970096588134766,0,0,0,729
77,r9_c9_b9,27,SAT,0.3270909786224365,0,0,0,729
78,r9_c9_b9,27,SAT,0.31341981887817383,0,0,0,729
79,r9_c9_b9,27,SAT,0.49769091606140137,23,5,11,1492
80,r9_c9_b9,27,SAT,0.31162285804748535,1,0,0,728
81,r9_c9_b9,27,SAT,0.3313138484954834,2,0,1,841
82,r9_c9_b9,27,SAT,0.4333150386810303,22,6,10,1294
83,r9_c9_b9,27,SAT,0.32141900062561035,0,0,0,729
84,r9_c9_b9,27,SAT,0.3035280704498291,1,0,0,728
85,r9_c9_b9,27,SAT,0.30324292182922363,0,0,0,729
86,r9_c9_b9,27,SAT,0.3178138732910156,6,0,2,814
87,r9_c9_b9,27,SAT,0.31728100776672363,1,0,0,728
88,r9_c9_b9,27,SAT,0.31568002700805664,0,0,0,729
89,r9_c9_b9,27,SAT,0.30248117446899414,2,0,0,727
90,r9_c9_b9,27,SAT,0.30215883255004883,5,0,1,730
91,r9_c9_b9,27,SAT,0.3419957160949707,11,1,3,908
92,r9_c9_b9,27,SAT,0.3317289352416992,3,0,1,787
93,r9_c9_b9,27,SAT,0.31897664070129395,5,0,2,796
94,r9_c9_b9,27,SAT,0.30685901641845703,0,0,0,729
95,r9_c9_b9,27,SAT,0.31583595275878906,0,0,0,729
96,r9_c9_b9,27,SAT,0.6226489543914795,48,16,24,2051
97,r9_c9_b9,27,SAT,0.32269906997680664,4,1,2,804
98,r9_c9_b9,27,SAT,0.46812891960144043,27,7,13,1262
99,r9_c9_b9,27,SAT,0.39000606536865234,12,2,5,994
100,r9_c9_b9,27,SAT,0.3018009662628174,0,0,0,729
101,r9_c9_b9,27,SAT,0.3000631332397461,0,0,0,729
102,r9_c9_b9,27,SAT,0.31275200843811035,0,0,0,729
103,r9_c9_b9,27,SAT,0.3243551254272461,1,0,0,728
104,r9_c9_b9,27,SAT,0.3207590579986572,4,1,2,826
105,r9_c9_b9,27,SAT,0.3084268569946289,0,0,0,729
106,r9_c9_b9,27,SAT,0.3115501403808594,0,0,0,729
107,r9_c9_b9,27,SAT,0.3125491142272949,0,0,0,729
108,r9_c9_b9,27,SAT,0.8435490131378174,108,36,50,2952
109,r9_c9_b9,27,SAT,0.3345510959625244,6,0,1,806
110,r9_c9_b9,27,SAT,0.3058178424835205,0,0,0,729
111,r9_c9_b9,27,SAT,0.3094511032104492,3,0,1,755
112,r9_c9_b9,27,SAT,0.3022029399871826,0,0,0,729
113,r9_c9_b9,27,SAT,0.2980377674102783,1,0,0,728
114,r9_c9_b9,27,SAT,0.3190488815307617,0,0,0,729
115,r9_c9_b9,27,SAT,0.2989692687988281,1,0,0,728
116,r9_c9_b9,27,SAT,0.31897807121276855,2,0,1,769
117,r9_c9_b9,27,SAT,0.3191380500793457,1,0,0,728
118,r9_c9_b9,27,SAT,0.29531097412109375,0,0,0,729
119,r9_c9_b9,27,SAT,0.36770105361938477,8,1,3,878
120,r9_c9_b9,27,SAT,0.3343968391418457,7,1,3,899
121,r9_c9_b9,27,SAT,0.32880091667175293,3,0,1,743
122,r9_c9_b9,27,SAT,0.4058668613433838,11,3,5,1125
123,r9_c9_b9,27,SAT,1.0513112545013428,74,24,36,3541
124,r9_c9_b9,27,SAT,0.3001856803894043,2,0,0,727
125,r9_c9_b9,27,SAT,0.3841381072998047,4,1,2,1015
126,r9_c9_b9,27,SAT,0.5129668712615967,23,9,11,1437
127,r9_c9_b9,27,SAT,0.29515504837036133,0,0,0,729
128,r9_c9_b9,27,SAT,0.3121778964996338,9,0,2,769
129,r9_c9_b9,27,SAT,0.31809020042419434,3,0,1,739
130,r9_c9_b9,27,SAT,0.7136557102203369,66,22,33,2441
131,r9_c9_b9,27,SAT,0.30869102478027344,4,0,1,749
132,r9_c9_b9,27,SAT,0.3504049777984619,10,2,4,936
133,r9_c9_b9,27,SAT,0.3466980457305908,4,0,2,831
134,r9_c9_b9,27,SAT,0.30020594596862793,5,0,1,736
135,r9_c9_b9,27,SAT,0.29902100563049316,0,0,0,729
136,r9_c9_b9,27,SAT,0.3013319969177246,0,0,0,729
137,r9_c9_b9,27,SAT,0.3681032657623291,24,7,12,1049
138,r9_c9_b9,27,SAT,0.30270814895629883,0,0,0,729
139,r9_c9_b9,27,SAT,0.3464169502258301,19,5,9,1011
140,r9_c9_b9,27,SAT,0.35308408737182617,18,3,7,1011
141,r9_c9_b9,27,SAT,0.3381199836730957,7,1,3,847
142,r9_c9_b9,27,SAT,0.3345069885253906,5,0,2,843
143,r9_c9_b9,27,SAT,0.3083326816558838,4,1,2,752
144,r9_c9_b9,27,SAT,0.2997748851776123,1,0,0,728
145,r9_c9_b9,27,SAT,0.2933990955352783,0,0,0,729
146,r9_c9_b9,27,SAT,0.357957124710083,9,2,4,987
147,r9_c9_b9,27,SAT,0.28473591804504395,0,0,0,729
148,r9_c9_b9,27,SAT,0.4254593849182129,13,0,4,913
149,r9_c9_b9,27,SAT,0.4880199432373047,31,7,12,1389
150,r9_c9_b9,27,SAT,0.44106006622314453,0,0,0,729
151,r9_c9_b9,27,SAT,0.3403739929199219,0,0,0,729
152,r9_c9_b9,27,SAT,0.3347451686859131,4,0,1,809
153,r9_c9_b9,27,SAT,0.35398006439208984,4,0,0,725
154,r9_c9_b9,27,SAT,0.31439876556396484,5,0,0,724
155,r9_c9_b9,27,SAT,0.30646586418151855,1,0,0,728
156,r9_c9_b9,27,SAT,0.309398889541626,0,0,0,729
157,r9_c9_b9,27,SAT,0.30455780029296875,3,0,0,726
158,r9_c9_b9,27,SAT,0.3260962963104248,5,0,1,769
159,r9_c9_b9,27,SAT,0.33119893074035645,1,0,0,728
160,r9_c9_b9,27,SAT,0.2945530414581299,0,0,0,729
161,r9_c9_b9,27,SAT,0.3042118549346924,0,0,0,729
162,r9_c9_b9,27,SAT,0.2895548343658447,0,0,0,729
163,r9_c9_b9,27,SAT,0.31167078018188477,0,0,0,729
164,r9_c9_b9,27,SAT,0.3460819721221924,9,1,4,854
165,r9_c9_b9,27,SAT,0.32265591621398926,0,0,0,729
166,r9_c9_b9,27,SAT,0.32515382766723633,6,0,1,805
167,r9_c9_b9,27,SAT,0.3122670650482178,3,0,0,726
168,r9_c9_b9,27,SAT,0.33758115768432617,2,0,1,789
169,r9_c9_b9,27,SAT,0.39632105827331543,8,1,3,995
170,r9_c9_b9,27,SAT,0.3011913299560547,0,0,0,729
171,r9_c9_b9,27,SAT,0.3028721809387207,0,0,0,729
172,r9_c9_b9,27,SAT,0.9512438774108887,83,29,41,2939
173,r9_c9_b9,27,SAT,0.30834412574768066,9,0,1,746
174,r9_c9_b9,27,SAT,0.300508975982666,0,0,0,729
175,r9_c9_b9,27,SAT,0.5303773880004883,44,14,20,1670
176,r9_c9_b9,27,SAT,0.30371689796447754,1,0,0,728
177,r9_c9_b9,27,SAT,0.30823206901550293,1,0,0,728
178,r9_c9_b9,27,SAT,0.4445321559906006,27,9,13,1330
179,r9_c9_b9,27,SAT,0.3565549850463867,13,3,5,979
180,r9_c9_b9,27,SAT,0.3225090503692627,0,0,0,729
181,r9_c9_b9,27,SAT,0.319591760635376,2,0,0,727
182,r9_c9_b9,27,SAT,0.4201359748840332,18,3,6,965
183,r9_c9_b9,27,SAT,0.3097200393676758,0,0,0,729
184,r9_c9_b9,27,SAT,0.30861616134643555,0,0,0,729
185,r9_c9_b9,27,SAT,0.3273017406463623,0,0,0,729
186,r9_c9_b9,27,SAT,0.5746192932128906,50,17,25,1931
187,r9_c9_b9,27,SAT,0.2977001667022705,0,0,0,729
188,r9_c9_b9,27,SAT,0.29646897315979004,2,0,0,727
189,r9_c9_b9,27,SAT,0.3109409809112549,0,0,0,729
190,r9_c9_b9,27,SAT,0.32858872413635254,8,1,3,865
191,r9_c9_b9,27,SAT,0.3691887855529785,8,3,4,959
192,r9_c9_b9,27,SAT,0.33135175704956055,4,1,2,882
193,r9_c9_b9,27,SAT,0.3282477855682373,6,2,3,819
194,r9_c9_b9,27,SAT,0.3324148654937744,10,2,3,924
195,r9_c9_b9,27,SAT,0.365772008895874,1,0,0,728
196,r9_c9_b9,27,SAT,0.2943241596221924,0,0,0,729
197,r9_c9_b9,27,SAT,0.2963430881500244,2,0,0,727
198,r9_c9_b9,27,SAT,0.3312530517578125,5,1,2,860
199,r9_c9_b9,27,SAT,0.5326640605926514,27,5,12,1624
200,r9_c9_b9,27,SAT,0.299426794052124,3,0,0,726
201,r9_c9_b9,27,SAT,0.3323330879211426,0,0,0,729
202,r9_c9_b9,27,SAT,0.29929089546203613,0,0,0,729
203,r9_c9_b9,27,SAT,0.3124830722808838,1,0,0,728
204,r9_c9_b9,27,SAT,0.314924955368042,0,0,0,729
205,r9_c9_b9,27,SAT,0.30668187141418457,3,0,1,743
206,r9_c9_b9,27,SAT,0.35890769958496094,8,2,4,1009
207,r9_c9_b9,27,SAT,0.3658721446990967,6,2,3,968
208,r9_c9_b9,27,SAT,0.3433988094329834,15,0,4,935
209,r9_c9_b9,27,SAT,0.3010737895965576,1,0,0,728
210,r9_c9_b9,27,SAT,0.3420290946960449,8,1,3,858
211,r9_c9_b9,27,SAT,0.36593198776245117,0,0,0,729
212,r9_c9_b9,27,SAT,0.4365808963775635,23,6,11,1292
213,r9_c9_b9,27,SAT,0.29244089126586914,2,0,0,727
214,r9_c9_b9,27,SAT,0.3338139057159424,3,0,1,833
215,r9_c9_b9,27,SAT,0.2957420349121094,1,0,0,728
216,r9_c9_b9,27,SAT,0.8194539546966553,59,20,29,2712
217,r9_c9_b9,27,SAT,0.31118297576904297,2,0,1,780
218,r9_c9_b9,27,SAT,0.3042488098144531,0,0,0,729
219,r9_c9_b9,27,SAT,0.29396724700927734,0,0,0,729
220,r9_c9_b9,27,SAT,0.31230807304382324,6,1,2,798
221,r9_c9_b9,27,SAT,0.48231983184814453,27,6,13,1446
222,r9_c9_b9,27,SAT,0.30550384521484375,0,0,0,729
223,r9_c9_b9,27,SAT,0.29560208320617676,0,0,0,729
224,r9_c9_b9,27,SAT,0.3115079402923584,3,0,1,767
225,r9_c9_b9,27,SAT,0.2994058132171631,0,0,0,729
226,r9_c9_b9,27,SAT,0.30620908737182617,6,0,1,742
227,r9_c9_b9,27,SAT,0.29359006881713867,2,0,0,727
228,r9_c9_b9,27,SAT,0.30501508712768555,0,0,0,729
229,r9_c9_b9,27,SAT,0.2965230941772461,2,0,0,727
230,r9_c9_b9,27,SAT,0.3134150505065918,4,0,1,798
231,r9_c9_b9,27,SAT,0.318652868270874,5,0,1,773
232,r9_c9_b9,27,SAT,0.3160820007324219,7,1,2,856
233,r9_c9_b9,27,SAT,0.29890894889831543,0,0,0,729
234,r9_c9_b9,27,SAT,0.30251193046569824,1,0,0,728
235,r9_c9_b9,27,SAT,0.6455967426300049,56,17,27,2230
236,r9_c9_b9,27,SAT,0.30133891105651855,0,0,0,729
237,r9_c9_b9,27,SAT,0.36010026931762695,10,1,3,999
238,r9_c9_b9,27,SAT,0.3005812168121338,0,0,0,729
239,r9_c9_b9,27,SAT,0.33700990676879883,4,0,1,749
240,r9_c9_b9,27,SAT,0.32675909996032715,3,0,0,726
241,r9_c9_b9,27,SAT,0.31049084663391113,0,0,0,729
242,r9_c9_b9,27,SAT,0.306398868560791,0,0,0,729
243,r9_c9_b9,27,SAT,0.29735493659973145,3,0,1,731
244,r9_c9_b9,27,SAT,0.3380448818206787,7,0,3,892
245,r9_c9_b9,27,SAT,0.3538858890533447,14,1,4,874
246,r9_c9_b9,27,SAT,0.3980119228363037,17,3,7,1173
247,r9_c9_b9,27,SAT,0.3042140007019043,6,1,2,762
248,r9_c9_b9,27,SAT,0.3111281394958496,0,0,0,729
249,r9_c9_b9,27,SAT,0.3139159679412842,0,0,0,729
250,r9_c9_b9,27,SAT,0.3284118175506592,5,0,1,752
251,r9_c9_b9,27,SAT,0.3336050510406494,6,1,2,776
252,r9_c9_b9,27,SAT,0.328143835067749,5,0,0,724
253,r9_c9_b9,27,SAT,0.34297895431518555,0,0,0,729
254,r9_c9_b9,27,SAT,0.4650259017944336,24,4,7,1082
255,r9_c9_b9,27,SAT,0.3432958126068115,1,0,0,728
256,r9_c9_b9,27,SAT,0.3403351306915283,4,0,1,747
257,r9_c9_b9,27,SAT,0.32295703887939453,0,0,0,729
258,r9_c9_b9,27,SAT,0.3262898921966553,0,0,0,729
259,r9_c9_b9,27,SAT,1.1067070960998535,110,36,55,4192
260,r9_c9_b9,27,SAT,0.5227169990539551,26,8,12,1509
261,r9_c9_b9,27,SAT,0.336392879486084,7,1,3,861
262,r9_c9_b9,27,SAT,0.45642614364624023,24,5,10,1231
263,r9_c9_b9,27,SAT,0.4401400089263916,24,6,11,1295
264,r9_c9_b9,27,SAT,0.29973387718200684,0,0,0,729
265,r9_c9_b9,27,SAT,0.30135583877563477,3,0,1,743
266,r9_c9_b9,27,SAT,0.35515880584716797,0,0,0,729
267,r9_c9_b9,27,SAT,0.32742810249328613,6,0,1,798
268,r9_c9_b9,27,SAT,0.40149593353271484,13,2,6,1168
269,r9_c9_b9,27,SAT,1.0669422149658203,95,28,45,3729
270,r9_c9_b9,27,SAT,0.3324151039123535,2,0,1,815
271,r9_c9_b9,27,SAT,0.3157660961151123,0,0,0,729
272,r9_c9_b9,27,SAT,0.3054087162017822,1,0,0,728
273,r9_c9_b9,27,SAT,0.3148529529571533,7,0,2,809
274,r9_c9_b9,27,SAT,0.3092169761657715,1,0,0,728
275,r9_c9_b9,27,SAT,0.32823610305786133,8,1,3,885
276,r9_c9_b9,27,SAT,0.29617929458618164,0,0,0,729
277,r9_c9_b9,27,SAT,0.2948129177093506,3,0,0,726
278,r9_c9_b9,27,SAT,0.30889201164245605,3,0,1,770
279,r9_c9_b9,27,SAT,0.2952280044555664,0,0,0,729
280,r9_c9_b9,27,SAT,0.35707592964172363,12,4,6,1045
281,r9_c9_b9,27,SAT,0.33162474632263184,5,0,2,873
282,r9_c9_b9,27,SAT,0.3697543144226074,12,0,3,971
283,r9_c9_b9,27,SAT,0.34496593475341797,10,3,5,949
284,r9_c9_b9,27,SAT,0.32787299156188965,8,2,4,876
285,r9_c9_b9,27,SAT,0.33779001235961914,1,0,0,728
286,r9_c9_b9,27,SAT,0.31544995307922363,0,0,0,729
287,r9_c9_b9,27,SAT,0.30363893508911133,1,0,0,728
288,r9_c9_b9,27,SAT,0.38208675384521484,5,1,2,1027
289,r9_c9_b9,27,SAT,0.3101036548614502,4,0,1,767
290,r9_c9_b9,27,SAT,0.2977468967437744,0,0,0,729
291,r9_c9_b9,27,SAT,0.3203301429748535,1,0,0,728
292,r9_c9_b9,27,SAT,0.3023550510406494,2,0,0,727
293,r9_c9_b9,27,SAT,0.31033897399902344,6,0,2,761
294,r9_c9_b9,27,SAT,0.33238911628723145,0,0,0,729
295,r9_c9_b9,27,SAT,0.32314014434814453,7,0,3,792
296,r9_c9_b9,27,SAT,0.29779982566833496,0,0,0,729
297,r9_c9_b9,27,SAT,0.299210786819458,2,0,0,727
298,r9_c9_b9,27,SAT,0.2960638999938965,2,0,1,763
299,r9_c9_b9,27,SAT,0.31087327003479004,5,0,0,724
300,r9_c9_b9,27,SAT,0.33867406845092773,7,0,2,857
301,r9_c9_b9,27,SAT,0.2922191619873047,1,0,0,728
302,r9_c9_b9,27,SAT,0.29791808128356934,3,0,1,757
303,r9_c9_b9,27,SAT,0.30209898948669434,0,0,0,729
304,r9_c9_b9,27,SAT,0.31117796897888184,4,0,1,784
305,r9_c9_b9,27,SAT,0.28815197944641113,4,0,0,725
306,r9_c9_b9,27,SAT,0.390941858291626,18,3,7,1153
307,r9_c9_b9,27,SAT,0.31743788719177246,15,1,4,833
308,r9_c9_b9,27,SAT,0.3007009029388428,5,0,2,794
309,r9_c9_b9,27,SAT,0.2890939712524414,0,0,0,729
310,r9_c9_b9,27,SAT,0.2931969165802002,1,0,0,728
311,r9_c9_b9,27,SAT,0.30415797233581543,2,0,1,758
312,r9_c9_b9,27,SAT,0.28825807571411133,2,0,0,727
313,r9_c9_b9,27,SAT,0.29610419273376465,0,0,0,729
314,r9_c9_b9,27,SAT,0.3059959411621094,8,0,2,804
315,r9_c9_b9,27,SAT,0.3028223514556885,9,0,2,770
316,r9_c9_b9,27,SAT,0.2946181297302246,4,0,0,725
317,r9_c9_b9,27,SAT,0.2945082187652588,0,0,0,729
318,r9_c9_b9,27,SAT,0.2961752414703369,0,0,0,729
319,r9_c9_b9,27,SAT,0.28994202613830566,2,0,0,727
320,r9_c9_b9,27,SAT,0.328657865524292,9,0,1,841
321,r9_c9_b9,27,SAT,0.38689208030700684,16,4,6,1145
322,r9_c9_b9,27,SAT,0.29195308685302734,1,0,0,728
323,r9_c9_b9,27,SAT,0.5751681327819824,48,15,21,2054
324,r9_c9_b9,27,SAT,0.2931818962097168,0,0,0,729
325,r9_c9_b9,27,SAT,0.3727531433105469,16,1,3,924
326,r9_c9_b9,27,SAT,0.5200438499450684,27,8,11,1385
327,r9_c9_b9,27,SAT,0.2972452640533447,1,0,0,728
328,r9_c9_b9,27,SAT,0.3019602298736572,2,0,0,727
329,r9_c9_b9,27,SAT,0.3065316677093506,4,0,2,823
330,r9_c9_b9,27,SAT,0.34310078620910645,8,3,4,935
331,r9_c9_b9,27,SAT,0.36603474617004395,11,3,4,941
332,r9_c9_b9,27,SAT,0.3000061511993408,0,0,0,729
333,r9_c9_b9,27,SAT,0.6983520984649658,55,18,25,2430
334,r9_c9_b9,27,SAT,0.29407310485839844,0,0,0,729
335,r9_c9_b9,27,SAT,0.3055431842803955,3,0,0,726
336,r9_c9_b9,27,SAT,0.5571269989013672,54,15,25,1930
337,r9_c9_b9,27,SAT,0.32512593269348145,3,0,1,850
338,r9_c9_b9,27,SAT,0.3422222137451172,7,1,3,775
339,r9_c9_b9,27,SAT,0.32436394691467285,3,0,1,807
340,r9_c9_b9,27,SAT,0.3259308338165283,6,1,3,923
341,r9_c9_b9,27,SAT,0.2941138744354248,0,0,0,729
342,r9_c9_b9,27,SAT,0.30524778366088867,2,0,1,779
343,r9_c9_b9,27,SAT,0.29172801971435547,0,0,0,729
344,r9_c9_b9,27,SAT,0.30324888229370117,0,0,0,729
345,r9_c9_b9,27,SAT,0.29720187187194824,2,0,1,759
346,r9_c9_b9,27,SAT,0.29503607749938965,0,0,0,729
347,r9_c9_b9,27,SAT,0.4261009693145752,18,5,9,1363
348,r9_c9_b9,27,SAT,0.2958989143371582,3,0,0,726
349,r9_c9_b9,27,SAT,0.2956233024597168,0,0,0,729
350,r9_c9_b9,27,SAT,0.29166412353515625,0,0,0,729
351,r9_c9_b9,27,SAT,0.34798312187194824,10,2,4,972
352,r9_c9_b9,27,SAT,0.30441904067993164,6,1,2,804
353,r9_c9_b9,27,SAT,0.29926586151123047,0,0,0,729
354,r9_c9_b9,27,SAT,0.3154468536376953,0,0,0,729
355,r9_c9_b9,27,SAT,0.3636789321899414,2,0,1,789
356,r9_c9_b9,27,SAT,0.30753517150878906,3,0,1,750
357,r9_c9_b9,27,SAT,0.30936408042907715,2,0,0,727
358,r9_c9_b9,27,SAT,0.33855199813842773,0,0,0,729
359,r9_c9_b9,27,SAT,0.3180398941040039,2,0,1,768
360,r9_c9_b9,27,SAT,0.3230173587799072,0,0,0,729
361,r9_c9_b9,27,SAT,0.36710500717163086,11,2,4,923
362,r9_c9_b9,27,SAT,0.3289921283721924,1,0,0,728
363,r9_c9_b9,27,SAT,0.3084573745727539,0,0,0,729
364,r9_c9_b9,27,SAT,0.3539562225341797,2,0,1,804
365,r9_c9_b9,27,SAT,0.32006239891052246,14,0,2,787
366,r9_c9_b9,27,SAT,0.3104860782623291,0,0,0,729
367,r9_c9_b9,27,SAT,0.3003811836242676,3,0,1,753
368,r9_c9_b9,27,SAT,0.5013868808746338,19,4,8,1538
369,r9_c9_b9,27,SAT,0.2973637580871582,2,0,1,736
370,r9_c9_b9,27,SAT,0.29841089248657227,6,0,1,738
371,r9_c9_b9,27,SAT,0.4147379398345947,19,4,8,1233
372,r9_c9_b9,27,SAT,0.2880859375,1,0,0,728
373,r9_c9_b9,27,SAT,0.31119489669799805,4,1,2,793
374,r9_c9_b9,27,SAT,0.5091979503631592,32,8,14,1677
375,r9_c9_b9,27,SAT,0.3381791114807129,2,0,1,795
376,r9_c9_b9,27,SAT,0.2995450496673584,0,0,0,729
377,r9_c9_b9,27,SAT,0.3190619945526123,5,1,2,824
378,r9_c9_b9,27,SAT,0.29336118698120117,0,0,0,729
379,r9_c9_b9,27,SAT,0.2945568561553955,1,0,0,728
380,r9_c9_b9,27,SAT,0.29885292053222656,0,0,0,729
381,r9_c9_b9,27,SAT,0.32895588874816895,2,0,1,769
382,r9_c9_b9,27,SAT,0.2964141368865967,0,0,0,729
383,r9_c9_b9,27,SAT,0.2941889762878418,0,0,0,729
384,r9_c9_b9,27,SAT,0.2899751663208008,0,0,0,729
385,r9_c9_b9,27,SAT,0.36677122116088867,3,0,1,811
386,r9_c9_b9,27,SAT,0.29447078704833984,1,0,0,728
387,r9_c9_b9,27,SAT,0.3199431896209717,13,0,2,853
388,r9_c9_b9,27,SAT,0.2895851135253906,2,0,1,735
389,r9_c9_b9,27,SAT,0.2983860969543457,0,0,0,729
390,r9_c9_b9,27,SAT,0.32369208335876465,3,0,1,869
391,r9_c9_b9,27,SAT,0.3594069480895996,21,4,7,985
392,r9_c9_b9,27,SAT,0.3084871768951416,5,0,2,848
393,r9_c9_b9,27,SAT,0.9644742012023926,91,29,42,3361
394,r9_c9_b9,27,SAT,0.2932310104370117,2,0,0,727
395,r9_c9_b9,27,SAT,0.30852603912353516,2,0,1,775
396,r9_c9_b9,27,SAT,0.28852105140686035,6,0,0,723
397,r9_c9_b9,27,SAT,0.2927517890930176,2,0,0,727
398,r9_c9_b9,27,SAT,0.28587794303894043,0,0,0,729
399,r9_c9_b9,27,SAT,0.29274606704711914,3,0,0,726
400,r9_c9_b9,27,SAT,0.3115367889404297,10,0,1,823
401,r9_c9_b9,27,SAT,0.2955007553100586,0,0,0,729
402,r9_c9_b9,27,SAT,0.2963552474975586,3,0,0,726
403,r9_c9_b9,27,SAT,0.291348934173584,1,0,0,728
404,r9_c9_b9,27,SAT,0.29388999938964844,3,0,0,726
405,r9_c9_b9,27,SAT,0.31359004974365234,5,1,2,805
406,r9_c9_b9,27,SAT,0.3312559127807617,8,0,2,811
407,r9_c9_b9,27,SAT,0.2911491394042969,0,0,0,729
408,r9_c9_b9,27,SAT,0.311185359954834,5,0,2,820
409,r9_c9_b9,27,SAT,0.31086206436157227,7,0,2,837
410,r9_c9_b9,27,SAT,0.3907759189605713,17,5,7,1210
411,r9_c9_b9,27,SAT,0.30303096771240234,0,0,0,729
412,r9_c9_b9,27,SAT,0.31670093536376953,3,0,1,779
413,r9_c9_b9,27,SAT,0.28984880447387695,2,0,1,756
414,r9_c9_b9,27,SAT,0.29189085960388184,4,0,0,725
415,r9_c9_b9,27,SAT,0.36063408851623535,5,0,1,776
416,r9_c9_b9,27,SAT,0.3682889938354492,17,3,6,1062
417,r9_c9_b9,27,SAT,0.28811097145080566,2,0,0,727
418,r9_c9_b9,27,SAT,0.2915678024291992,1,0,0,728
419,r9_c9_b9,27,SAT,0.3180379867553711,9,0,1,813
420,r9_c9_b9,27,SAT,0.29245996475219727,2,0,0,727
421,r9_c9_b9,27,SAT,0.36819887161254883,14,2,7,1084
422,r9_c9_b9,27,SAT,0.2885870933532715,4,0,0,725
423,r9_c9_b9,27,SAT,0.2888829708099365,2,0,1,735
424,r9_c9_b9,27,SAT,0.318209171295166,5,0,2,852
425,r9_c9_b9,27,SAT,0.3158237934112549,6,2,3,852
426,r9_c9_b9,27,SAT,0.34470701217651367,4,1,2,831
427,r9_c9_b9,27,SAT,0.4091618061065674,29,8,13,1237
428,r9_c9_b9,27,SAT,0.3104870319366455,0,0,0,729
429,r9_c9_b9,27,SAT,0.2959401607513428,1,0,0,728
430,r9_c9_b9,27,SAT,0.3173379898071289,2,0,0,727
431,r9_c9_b9,27,SAT,0.3059089183807373,1,0,0,728
432,r9_c9_b9,27,SAT,0.287992000579834,0,0,0,729
433,r9_c9_b9,27,SAT,0.2957577705383301,7,0,0,722
434,r9_c9_b9,27,SAT,0.3005239963531494,2,0,1,764
435,r9_c9_b9,27,SAT,0.3291299343109131,7,0,3,859
436,r9_c9_b9,27,SAT,0.2991652488708496,2,0,1,759
437,r9_c9_b9,27,SAT,0.2879500389099121,0,0,0,729
438,r9_c9_b9,27,SAT,0.29146695137023926,1,0,0,728
439,r9_c9_b9,27,SAT,0.29450535774230957,0,0,0,729
440,r9_c9_b9,27,SAT,0.28921008110046387,0,0,0,729
441,r9_c9_b9,27,SAT,0.3035881519317627,1,0,0,728
442,r9_c9_b9,27,SAT,0.336986780166626,7,2,3,915
443,r9_c9_b9,27,SAT,0.4902369976043701,25,4,11,1612
444,r9_c9_b9,27,SAT,0.3952350616455078,20,4,9,1155
445,r9_c9_b9,27,SAT,0.5657379627227783,61,20,29,1888
446,r9_c9_b9,27,SAT,0.3857228755950928,12,1,4,989
447,r9_c9_b9,27,SAT,0.36080098152160645,15,1,6,1043
448,r9_c9_b9,27,SAT,0.3094918727874756,2,0,1,759
449,r9_c9_b9,27,SAT,0.28737807273864746,1,0,0,728
450,r9_c9_b9,27,SAT,0.283519983291626,0,0,0,729
451,r9_c9_b9,27,SAT,0.37050795555114746,9,2,4,1074
452,r9_c9_b9,27,SAT,0.950869083404541,149,42,72,3668
453,r9_c9_b9,27,SAT,0.2926349639892578,0,0,0,729
454,r9_c9_b9,27,SAT,0.36174988746643066,15,4,7,1065
455,r9_c9_b9,27,SAT,0.37874317169189453,10,2,4,1032
456,r9_c9_b9,27,SAT,0.29332780838012695,2,0,0,727
457,r9_c9_b9,27,SAT,0.40418481826782227,15,4,7,1223
458,r9_c9_b9,27,SAT,0.3403656482696533,7,1,3,922
459,r9_c9_b9,27,SAT,0.30349183082580566,3,0,1,751
460,r9_c9_b9,27,SAT,0.2970161437988281,2,0,0,727
461,r9_c9_b9,27,SAT,0.3038051128387451,2,0,0,727
462,r9_c9_b9,27,SAT,0.3015921115875244,0,0,0,729
463,r9_c9_b9,27,SAT,0.36463403701782227,20,4,9,1009
464,r9_c9_b9,27,SAT,0.4689810276031494,18,5,8,1283
465,r9_c9_b9,27,SAT,0.31090402603149414,8,0,2,791
466,r9_c9_b9,27,SAT,0.2982621192932129,3,0,0,726
467,r9_c9_b9,27,SAT,0.3311150074005127,4,0,0,725
468,r9_c9_b9,27,SAT,0.3631401062011719,8,0,3,933
469,r9_c9_b9,27,SAT,0.4235849380493164,0,0,0,729
470,r9_c9_b9,27,SAT,0.43421435356140137,7,1,3,855
471,r9_c9_b9,27,SAT,0.37236905097961426,4,0,0,725
472,r9_c9_b9,27,SAT,0.3767731189727783,3,0,1,773
473,r9_c9_b9,27,SAT,0.569390058517456,30,8,14,1490
474,r9_c9_b9,27,SAT,0.37859463691711426,8,1,2,910
475,r9_c9_b9,27,SAT,0.33065223693847656,6,0,2,785
476,r9_c9_b9,27,SAT,0.33046793937683105,6,1,2,811
477,r9_c9_b9,27,SAT,0.3164548873901367,4,0,1,777
478,r9_c9_b9,27,SAT,0.33850598335266113,11,0,3,891
479,r9_c9_b9,27,SAT,0.3210020065307617,5,0,1,794
480,r9_c9_b9,27,SAT,0.29626965522766113,0,0,0,729
481,r9_c9_b9,27,SAT,0.4258408546447754,18,6,8,1274
482,r9_c9_b9,27,SAT,0.4072880744934082,13,2,5,1188
483,r9_c9_b9,27,SAT,1.2642831802368164,115,41,55,4631
484,r9_c9_b9,27,SAT,0.3065810203552246,4,1,2,789
485,r9_c9_b9,27,SAT,0.32152390480041504,6,0,2,835
486,r9_c9_b9,27,SAT,0.31210899353027344,3,0,1,780
487,r9_c9_b9,27,SAT,0.28931498527526855,1,0,0,728
488,r9_c9_b9,27,SAT,0.3000948429107666,2,0,1,785
489,r9_c9_b9,27,SAT,0.30328989028930664,10,0,1,774
490,r9_c9_b9,27,SAT,0.2899000644683838,0,0,0,729
491,r9_c9_b9,27,SAT,0.3671298027038574,21,5,9,1103
492,r9_c9_b9,27,SAT,0.3238680362701416,5,0,1,828
493,r9_c9_b9,27,SAT,0.32283687591552734,0,0,0,729
494,r9_c9_b9,27,SAT,0.36192989349365234,2,0,1,787
495,r9_c9_b9,27,SAT,0.9640378952026367,54,16,25,2482
496,r9_c9_b9,27,SAT,0.4127979278564453,4,0,0,725
497,r9_c9_b9,27,SAT,0.48511290550231934,30,9,13,1373
498,r9_c9_b9,27,SAT,0.32163190841674805,0,0,0,729
499,r9_c9_b9,27,SAT,0.35413384437561035,5,0,1,825
500,r9_c9_b9,27,SAT,0.32319116592407227,3,0,0,726
501,r9_c9_b9,27,SAT,0.3156139850616455,0,0,0,729
502,r9_c9_b9,27,SAT,0.3072383403778076,0,0,0,729
503,r9_c9_b9,27,SAT,1.7885620594024658,204,69,100,6943
504,r9_c9_b9,27,SAT,0.42464280128479004,4,0,1,787
505,r9_c9_b9,27,SAT,0.48096704483032227,26,8,13,1438
506,r9_c9_b9,27,SAT,0.42476320266723633,23,5,9,1192
507,r9_c9_b9,27,SAT,0.3305652141571045,10,3,4,897
508,r9_c9_b9,27,SAT,0.3488469123840332,15,6,7,973
509,r9_c9_b9,27,SAT,0.2976810932159424,0,0,0,729
510,r9_c9_b9,27,SAT,0.36617517471313477,25,3,10,1031
511,r9_c9_b9,27,SAT,0.6233401298522949,70,25,34,1985
512,r9_c9_b9,27,SAT,0.2912330627441406,0,0,0,729
513,r9_c9_b9,27,SAT,0.2918522357940674,0,0,0,729
514,r9_c9_b9,27,SAT,0.8425741195678711,66,19,31,3068
515,r9_c9_b9,27,SAT,0.79587721824646,72,22,36,3072
516,r9_c9_b9,27,SAT,0.28839778900146484,0,0,0,729
517,r9_c9_b9,27,SAT,0.3258199691772461,6,2,3,864
518,r9_c9_b9,27,SAT,0.3817012310028076,4,1,2,863
519,r9_c9_b9,27,SAT,0.30366992950439453,6,1,3,832
520,r9_c9_b9,27,SAT,0.3099191188812256,10,3,4,810
521,r9_c9_b9,27,SAT,0.2871251106262207,0,0,0,729
522,r9_c9_b9,27,SAT,0.30214715003967285,6,2,3,805
523,r9_c9_b9,27,SAT,0.29721975326538086,0,0,0,729
524,r9_c9_b9,27,SAT,0.2924690246582031,0,0,0,729
525,r9_c9_b9,27,SAT,0.29374122619628906,0,0,0,729
526,r9_c9_b9,27,SAT,0.2938120365142822,2,0,0,727
527,r9_c9_b9,27,SAT,0.28685426712036133,0,0,0,729
528,r9_c9_b9,27,SAT,0.2845771312713623,6,0,0,723
529,r9_c9_b9,27,SAT,0.28910279273986816,4,0,1,752
530,r9_c9_b9,27,SAT,0.3123908042907715,6,1,3,856
531,r9_c9_b9,27,SAT,0.2964310646057129,5,0,1,751
532,r9_c9_b9,27,SAT,0.3104572296142578,8,0,3,833
533,r9_c9_b9,27,SAT,0.3521459102630615,5,0,2,901
534,r9_c9_b9,27,SAT,0.29555511474609375,2,0,0,727
535,r9_c9_b9,27,SAT,0.2955322265625,4,0,0,725
536,r9_c9_b9,27,SAT,0.31041908264160156,2,0,1,739
537,r9_c9_b9,27,SAT,0.6601240634918213,46,15,22,1954
538,r9_c9_b9,27,SAT,0.34566307067871094,17,5,8,1017
539,r9_c9_b9,27,SAT,0.38115596771240234,16,4,6,969
540,r9_c9_b9,27,SAT,0.3358469009399414,6,1,3,905
541,r9_c9_b9,27,SAT,0.33817124366760254,3,0,1,805
542,r9_c9_b9,27,SAT,0.3094968795776367,5,0,2,765
543,r9_c9_b9,27,SAT,0.3052690029144287,2,0,1,776
544,r9_c9_b9,27,SAT,0.3696579933166504,13,3,5,1073
545,r9_c9_b9,27,SAT,0.31077098846435547,7,0,2,800
546,r9_c9_b9,27,SAT,0.2908790111541748,1,0,0,728
547,r9_c9_b9,27,SAT,0.3087320327758789,7,1,3,803
548,r9_c9_b9,27,SAT,0.3144707679748535,3,0,0,726
549,r9_c9_b9,27,SAT,0.3656330108642578,9,1,2,875
550,r9_c9_b9,27,SAT,0.3011608123779297,1,0,0,728
551,r9_c9_b9,27,SAT,0.3289070129394531,10,1,3,831
552,r9_c9_b9,27,SAT,0.29719972610473633,3,0,1,779
553,r9_c9_b9,27,SAT,0.31560182571411133,8,0,2,846
554,r9_c9_b9,27,SAT,0.29656076431274414,1,0,0,728
555,r9_c9_b9,27,SAT,0.29169511795043945,2,0,1,742
556,r9_c9_b9,27,SAT,0.34326624870300293,9,0,3,964
557,r9_c9_b9,27,SAT,0.41943812370300293,22,4,8,1300
558,r9_c9_b9,27,SAT,0.30156922340393066,4,0,1,802
559,r9_c9_b9,27,SAT,0.2841658592224121,0,0,0,729
560,r9_c9_b9,27,SAT,0.293515682220459,0,0,0,729
561,r9_c9_b9,27,SAT,0.3000152111053467,0,0,0,729
562,r9_c9_b9,27,SAT,0.29482436180114746,0,0,0,729
563,r9_c9_b9,27,SAT,0.45451807975769043,31,5,11,1379
564,r9_c9_b9,27,SAT,0.3116159439086914,0,0,0,729
565,r9_c9_b9,27,SAT,0.537827730178833,70,19,33,1971
566,r9_c9_b9,27,SAT,0.30550622940063477,6,0,2,796
567,r9_c9_b9,27,SAT,0.29291319847106934,1,0,0,728
568,r9_c9_b9,27,SAT,0.29875612258911133,7,0,2,773
569,r9_c9_b9,27,SAT,0.2883589267730713,2,0,0,727
570,r9_c9_b9,27,SAT,0.30041980743408203,0,0,0,729
571,r9_c9_b9,27,SAT,0.5349829196929932,37,12,18,1735
572,r9_c9_b9,27,SAT,0.29920101165771484,1,0,0,728
573,r9_c9_b9,27,SAT,0.3065481185913086,11,0,2,786
574,r9_c9_b9,27,SAT,0.3034849166870117,2,0,1,772
575,r9_c9_b9,27,SAT,0.2888960838317871,2,0,0,727
576,r9_c9_b9,27,SAT,0.3199269771575928,4,0,1,811
577,r9_c9_b9,27,SAT,0.29456162452697754,0,0,0,729
578,r9_c9_b9,27,SAT,0.41068387031555176,26,5,10,1203
579,r9_c9_b9,27,SAT,0.34259486198425293,2,0,1,737
580,r9_c9_b9,27,SAT,0.6986041069030762,70,21,33,2324
581,r9_c9_b9,27,SAT,0.30373501777648926,4,0,1,795
582,r9_c9_b9,27,SAT,0.28839707374572754,0,0,0,729
583,r9_c9_b9,27,SAT,0.324876070022583,6,0,2,864
584,r9_c9_b9,27,SAT,0.2970438003540039,1,0,0,728
585,r9_c9_b9,27,SAT,0.40953707695007324,19,5,9,1277
586,r9_c9_b9,27,SAT,0.34775590896606445,9,1,3,960
587,r9_c9_b9,27,SAT,0.296267032623291,3,0,1,737
588,r9_c9_b9,27,SAT,0.40436887741088867,14,5,6,1189
589,r9_c9_b9,27,SAT,0.36398983001708984,16,3,6,1088
590,r9_c9_b9,27,SAT,0.2887248992919922,3,0,0,726
591,r9_c9_b9,27,SAT,0.6395556926727295,58,19,28,2234
592,r9_c9_b9,27,SAT,0.43976283073425293,25,5,10,1271
593,r9_c9_b9,27,SAT,0.3026890754699707,0,0,0,729
594,r9_c9_b9,27,SAT,0.3052332401275635,6,0,1,784
595,r9_c9_b9,27,SAT,0.2907428741455078,1,0,0,728
596,r9_c9_b9,27,SAT,0.3140599727630615,8,0,2,817
597,r9_c9_b9,27,SAT,0.2912919521331787,0,0,0,729
598,r9_c9_b9,27,SAT,0.3922288417816162,12,3,6,1140
599,r9_c9_b9,27,SAT,0.3041880130767822,3,0,1,756
600,r9_c9_b9,27,SAT,0.3008999824523926,3,0,0,726
601,r9_c9_b9,27,SAT,0.31487202644348145,0,0,0,729
602,r9_c9_b9,27,SAT,0.3155069351196289,3,0,0,726
603,r9_c9_b9,27,SAT,0.39223718643188477,12,2,5,995
604,r9_c9_b9,27,SAT,0.3180360794067383,2,0,0,727
605,r9_c9_b9,27,SAT,0.3207862377166748,5,0,1,736
606,r9_c9_b9,27,SAT,0.35617995262145996,5,0,2,921
607,r9_c9_b9,27,SAT,0.35136890411376953,5,0,0,724
608,r9_c9_b9,27,SAT,0.3264319896697998,3,0,1,803
609,r9_c9_b9,27,SAT,0.3041391372680664,1,0,0,728
610,r9_c9_b9,27,SAT,0.3830740451812744,15,3,6,1062
611,r9_c9_b9,27,SAT,0.3097038269042969,4,0,2,770
612,r9_c9_b9,27,SAT,0.3101918697357178,7,1,2,805
613,r9_c9_b9,27,SAT,0.42345595359802246,15,3,7,1227
614,r9_c9_b9,27,SAT,0.2929961681365967,0,0,0,729
615,r9_c9_b9,27,SAT,0.4689652919769287,37,12,17,1605
616,r9_c9_b9,27,SAT,0.33330607414245605,11,1,4,942
617,r9_c9_b9,27,SAT,0.3153042793273926,9,2,3,838
618,r9_c9_b9,27,SAT,0.30498194694519043,8,0,3,802
619,r9_c9_b9,27,SAT,0.2838020324707031,1,0,0,728
620,r9_c9_b9,27,SAT,0.29746007919311523,5,0,1,753
621,r9_c9_b9,27,SAT,0.2958219051361084,0,0,0,729
622,r9_c9_b9,27,SAT,0.29818224906921387,6,0,1,783
623,r9_c9_b9,27,SAT,0.28139328956604004,0,0,0,729
624,r9_c9_b9,27,SAT,0.4117128849029541,17,2,5,1216
625,r9_c9_b9,27,SAT,0.31658291816711426,0,0,0,729
626,r9_c9_b9,27,SAT,0.2924380302429199,6,0,1,751
627,r9_c9_b9,27,SAT,0.2981870174407959,1,0,0,728
628,r9_c9_b9,27,SAT,0.33172011375427246,2,0,1,759
629,r9_c9_b9,27,SAT,0.33380627632141113,4,1,2,902
630,r9_c9_b9,27,SAT,0.28981614112854004,0,0,0,729
631,r9_c9_b9,27,SAT,0.30483102798461914,5,0,1,775
632,r9_c9_b9,27,SAT,0.39028406143188477,16,4,8,1144
633,r9_c9_b9,27,SAT,0.29510498046875,2,0,0,727
634,r9_c9_b9,27,SAT,0.32263779640197754,6,0,1,767
635,r9_c9_b9,27,SAT,0.34827494621276855,10,4,5,932
636,r9_c9_b9,27,SAT,0.31847310066223145,2,0,1,762
637,r9_c9_b9,27,SAT,0.35738682746887207,6,1,2,771
638,r9_c9_b9,27,SAT,0.309161901473999,8,0,2,800
639,r9_c9_b9,27,SAT,0.2839961051940918,3,0,0,726
640,r9_c9_b9,27,SAT,0.38042211532592773,12,3,6,1114
641,r9_c9_b9,27,SAT,0.3012120723724365,3,0,1,808
642,r9_c9_b9,27,SAT,0.3085200786590576,2,0,1,818
643,r9_c9_b9,27,SAT,0.28766679763793945,0,0,0,729
644,r9_c9_b9,27,SAT,0.2856709957122803,0,0,0,729
645,r9_c9_b9,27,SAT,0.28254103660583496,0,0,0,729
646,r9_c9_b9,27,SAT,0.310344934463501,8,2,4,807
647,r9_c9_b9,27,SAT,0.2900538444519043,4,0,2,756
648,r9_c9_b9,27,SAT,0.8529658317565918,95,28,46,3092
649,r9_c9_b9,27,SAT,0.3824918270111084,10,2,4,1100
650,r9_c9_b9,27,SAT,0.29018092155456543,5,0,1,763
651,r9_c9_b9,27,SAT,0.3064429759979248,10,3,5,839
652,r9_c9_b9,27,SAT,0.28502392768859863,0,0,0,729
653,r9_c9_b9,27,SAT,0.3239450454711914,12,1,4,881
654,r9_c9_b9,27,SAT,0.6538419723510742,57,12,23,2317
655,r9_c9_b9,27,SAT,0.3074920177459717,0,0,0,729
656,r9_c9_b9,27,SAT,0.7701640129089355,98,32,44,2596
657,r9_c9_b9,27,SAT,0.29119014739990234,0,0,0,729
658,r9_c9_b9,27,SAT,0.31885385513305664,7,1,3,854
659,r9_c9_b9,27,SAT,0.516167163848877,37,11,17,1721
660,r9_c9_b9,27,SAT,0.28700685501098633,2,0,0,727
661,r9_c9_b9,27,SAT,0.3217897415161133,7,2,3,838
662,r9_c9_b9,27,SAT,0.29264402389526367,4,0,1,764
663,r9_c9_b9,27,SAT,0.29816198348999023,2,0,0,727
664,r9_c9_b9,27,SAT,0.3296809196472168,12,1,2,875
665,r9_c9_b9,27,SAT,0.33228492736816406,0,0,0,729
666,r9_c9_b9,27,SAT,0.2818450927734375,2,0,0,727
667,r9_c9_b9,27,SAT,0.2999701499938965,2,0,1,787
668,r9_c9_b9,27,SAT,0.3211381435394287,11,3,4,906
669,r9_c9_b9,27,SAT,0.29225611686706543,2,0,1,786
670,r9_c9_b9,27,SAT,0.30994367599487305,3,0,1,765
671,r9_c9_b9,27,SAT,0.29947924613952637,4,0,0,725
672,r9_c9_b9,27,SAT,0.29230737686157227,1,0,0,728
673,r9_c9_b9,27,SAT,0.29232001304626465,1,0,0,728
674,r9_c9_b9,27,SAT,0.32867908477783203,6,1,2,918
675,r9_c9_b9,27,SAT,0.30115580558776855,2,0,1,777
676,r9_c9_b9,27,SAT,0.5577898025512695,38,10,17,1841
677,r9_c9_b9,27,SAT,0.360241174697876,11,1,4,1014
678,r9_c9_b9,27,SAT,0.29611682891845703,0,0,0,729
679,r9_c9_b9,27,SAT,0.38411784172058105,17,7,8,1015
680,r9_c9_b9,27,SAT,0.29572415351867676,2,0,1,773
681,r9_c9_b9,27,SAT,0.39776086807250977,19,6,8,1208
682,r9_c9_b9,27,SAT,0.28896594047546387,0,0,0,729
683,r9_c9_b9,27,SAT,0.28623175621032715,0,0,0,729
684,r9_c9_b9,27,SAT,0.3976116180419922,23,5,10,1196
685,r9_c9_b9,27,SAT,0.29600095748901367,4,0,1,754
686,r9_c9_b9,27,SAT,0.34825921058654785,6,1,2,930
687,r9_c9_b9,27,SAT,0.5503599643707275,42,12,20,1769
688,r9_c9_b9,27,SAT,0.4399909973144531,23,4,9,1377
689,r9_c9_b9,27,SAT,0.3027839660644531,2,0,1,760
690,r9_c9_b9,27,SAT,0.7052369117736816,83,25,41,2625
691,r9_c9_b9,27,SAT,0.3084840774536133,4,0,1,799
692,r9_c9_b9,27,SAT,0.3310737609863281,4,1,2,908
693,r9_c9_b9,27,SAT,0.39589500427246094,14,4,7,916
694,r9_c9_b9,27,SAT,0.28464293479919434,3,0,0,726
695,r9_c9_b9,27,SAT,0.5285780429840088,35,11,16,1826
696,r9_c9_b9,27,SAT,0.2940709590911865,3,0,1,766
697,r9_c9_b9,27,SAT,0.6607530117034912,40,11,18,2199
698,r9_c9_b9,27,SAT,1.0243861675262451,93,36,46,3734
699,r9_c9_b9,27,SAT,0.29253196716308594,0,0,0,729
700,r9_c9_b9,27,SAT,0.29928112030029297,3,0,1,762
701,r9_c9_b9,27,SAT,0.3320350646972656,5,1,2,916
702,r9_c9_b9,27,SAT,0.5485498905181885,46,14,20,1658
703,r9_c9_b9,27,SAT,0.32126474380493164,4,0,1,871
704,r9_c9_b9,27,SAT,0.4157540798187256,14,5,7,1284
705,r9_c9_b9,27,SAT,0.3199329376220703,11,2,3,833
706,r9_c9_b9,27,SAT,0.31662821769714355,7,0,2,787
707,r9_c9_b9,27,SAT,0.36687397956848145,10,1,2,952
708,r9_c9_b9,27,SAT,0.294252872467041,0,0,0,729
709,r9_c9_b9,27,SAT,0.39797401428222656,16,1,4,925
710,r9_c9_b9,27,SAT,0.4022698402404785,14,3,6,1079
711,r9_c9_b9,27,SAT,0.3027348518371582,0,0,0,729
712,r9_c9_b9,27,SAT,0.36363792419433594,13,2,5,906
713,r9_c9_b9,27,SAT,0.3096790313720703,3,0,0,726
714,r9_c9_b9,27,SAT,0.4194340705871582,18,5,8,1222
715,r9_c9_b9,27,SAT,0.3106398582458496,2,0,1,780
716,r9_c9_b9,27,SAT,0.3286168575286865,6,1,3,836
717,r9_c9_b9,27,SAT,0.30487489700317383,0,0,0,729
718,r9_c9_b9,27,SAT,0.32746100425720215,0,0,0,729
719,r9_c9_b9,27,SAT,0.31749820709228516,1,0,0,728
720,r9_c9_b9,27,SAT,0.2904188632965088,0,0,0,729
721,r9_c9_b9,27,SAT,0.3023707866668701,8,0,2,794
722,r9_c9_b9,27,SAT,0.6047790050506592,49,17,23,2128
723,r9_c9_b9,27,SAT,0.3499131202697754,11,1,3,1040
724,r9_c9_b9,27,SAT,0.2871222496032715,7,0,1,735
725,r9_c9_b9,27,SAT,0.28110694885253906,2,0,0,727
726,r9_c9_b9,27,SAT,0.785236120223999,96,30,46,2928
727,r9_c9_b9,27,SAT,0.3082561492919922,7,0,2,856
728,r9_c9_b9,27,SAT,0.30476903915405273,4,0,0,725
729,r9_c9_b9,27,SAT,0.47281694412231445,26,7,12,1632
730,r9_c9_b9,27,SAT,0.31504106521606445,4,1,2,798
731,r9_c9_b9,27,SAT,0.3538639545440674,7,1,3,1006
732,r9_c9_b9,27,SAT,0.36359119415283203,12,2,5,1089
733,r9_c9_b9,27,SAT,0.3113589286804199,10,1,4,876
734,r9_c9_b9,27,SAT,0.2952537536621094,8,0,1,745
735,r9_c9_b9,27,SAT,0.6792309284210205,56,17,27,2449
736,r9_c9_b9,27,SAT,0.305513858795166,5,0,2,783
737,r9_c9_b9,27,SAT,0.28389668464660645,1,0,0,728
738,r9_c9_b9,27,SAT,0.3026549816131592,6,2,3,828
739,r9_c9_b9,27,SAT,0.5163581371307373,31,9,15,1707
740,r9_c9_b9,27,SAT,0.34097886085510254,4,0,1,848
741,r9_c9_b9,27,SAT,0.34228515625,4,1,2,914
742,r9_c9_b9,27,SAT,0.32992124557495117,8,1,3,908
743,r9_c9_b9,27,SAT,0.297076940536499,0,0,0,729
744,r9_c9_b9,27,SAT,0.3567922115325928,18,3,5,1016
745,r9_c9_b9,27,SAT,0.33260107040405273,2,0,0,727
746,r9_c9_b9,27,SAT,0.3110647201538086,5,0,1,765
747,r9_c9_b9,27,SAT,0.8210737705230713,95,32,45,2867
748,r9_c9_b9,27,SAT,0.3132460117340088,9,1,2,844
749,r9_c9_b9,27,SAT,0.3404090404510498,19,1,3,942
750,r9_c9_b9,27,SAT,0.4163179397583008,17,5,8,1299
751,r9_c9_b9,27,SAT,0.542201042175293,36,11,16,1885
752,r9_c9_b9,27,SAT,0.37773609161376953,12,3,6,1190
753,r9_c9_b9,27,SAT,0.3158581256866455,6,1,3,827
754,r9_c9_b9,27,SAT,0.5099339485168457,35,11,17,1628
755,r9_c9_b9,27,SAT,0.2925090789794922,0,0,0,729
756,r9_c9_b9,27,SAT,0.7306742668151855,88,30,43,2597
757,r9_c9_b9,27,SAT,0.32662296295166016,9,2,3,836
758,r9_c9_b9,27,SAT,0.3366870880126953,8,3,4,922
759,r9_c9_b9,27,SAT,0.3597579002380371,14,2,6,1068
760,r9_c9_b9,27,SAT,0.33434081077575684,4,1,2,955
761,r9_c9_b9,27,SAT,0.3148307800292969,7,1,2,863
762,r9_c9_b9,27,SAT,0.29770898818969727,3,0,0,726
763,r9_c9_b9,27,SAT,0.3338661193847656,17,2,5,902
764,r9_c9_b9,27,SAT,0.9138541221618652,71,23,34,3318
765,r9_c9_b9,27,SAT,0.3063192367553711,4,0,1,774
766,r9_c9_b9,27,SAT,0.5038468837738037,45,13,20,1654
767,r9_c9_b9,27,SAT,0.2903900146484375,2,0,1,769
768,r9_c9_b9,27,SAT,0.2982442378997803,3,0,1,744
769,r9_c9_b9,27,SAT,0.30391597747802734,0,0,0,729
770,r9_c9_b9,27,SAT,0.36022210121154785,4,0,1,808
771,r9_c9_b9,27,SAT,0.39824724197387695,21,4,8,1164
772,r9_c9_b9,27,SAT,0.2937331199645996,7,0,1,758
773,r9_c9_b9,27,SAT,0.47533106803894043,32,10,15,1573
774,r9_c9_b9,27,SAT,0.2900102138519287,0,0,0,729
775,r9_c9_b9,27,SAT,0.5498931407928467,46,12,20,1907
776,r9_c9_b9,27,SAT,0.2913980484008789,0,0,0,729
777,r9_c9_b9,27,SAT,0.3045802116394043,12,1,3,860
778,r9_c9_b9,27,SAT,0.40743088722229004,18,4,8,1266
779,r9_c9_b9,27,SAT,0.28844308853149414,1,0,0,728
780,r9_c9_b9,27,SAT,0.29006314277648926,4,0,0,725
781,r9_c9_b9,27,SAT,0.31505727767944336,9,0,1,829
782,r9_c9_b9,27,SAT,0.313417911529541,2,0,1,782
783,r9_c9_b9,27,SAT,0.41531801223754883,17,5,8,1285
784,r9_c9_b9,27,SAT,0.3206348419189453,9,1,2,867
785,r9_c9_b9,27,SAT,0.5200879573822021,29,10,14,1652
786,r9_c9_b9,27,SAT,0.3076138496398926,2,0,0,727
787,r9_c9_b9,27,SAT,0.29877519607543945,1,0,0,728
788,r9_c9_b9,27,SAT,0.29628515243530273,2,0,0,727
789,r9_c9_b9,27,SAT,0.39689016342163086,9,3,4,986
790,r9_c9_b9,27,SAT,0.6259298324584961,45,12,21,1937
791,r9_c9_b9,27,SAT,0.3962290287017822,10,3,5,1118
792,r9_c9_b9,27,SAT,0.30438995361328125,0,0,0,729
793,r9_c9_b9,27,SAT,0.3055150508880615,0,0,0,729
794,r9_c9_b9,27,SAT,0.3106691837310791,3,0,1,785
795,r9_c9_b9,27,SAT,0.2960832118988037,0,0,0,729
796,r9_c9_b9,27,SAT,0.30204010009765625,6,0,1,760
797,r9_c9_b9,27,SAT,1.4863622188568115,133,47,65,5369
798,r9_c9_b9,27,SAT,0.392164945602417,11,4,5,1036
799,r9_c9_b9,27,SAT,0.3321399688720703,0,0,0,729
800,r9_c9_b9,27,SAT,0.3468618392944336,5,0,1,807
801,r9_c9_b9,27,SAT,0.3408079147338867,3,0,1,832
802,r9_c9_b9,27,SAT,0.3088650703430176,1,0,0,728
803,r9_c9_b9,27,SAT,0.3198130130767822,4,0,1,774
804,r9_c9_b9,27,SAT,0.8565390110015869,75,24,34,3010
805,r9_c9_b9,27,SAT,0.3296787738800049,10,2,3,925
806,r9_c9_b9,27,SAT,0.3030400276184082,5,0,1,783
807,r9_c9_b9,27,SAT,0.3915078639984131,17,5,8,1072
808,r9_c9_b9,27,SAT,0.3245420455932617,6,1,2,874
809,r9_c9_b9,27,SAT,0.3066282272338867,6,0,1,789
810,r9_c9_b9,27,SAT,0.2952718734741211,6,0,0,723
811,r9_c9_b9,27,SAT,0.34411072731018066,8,2,4,947
812,r9_c9_b9,27,SAT,0.5221569538116455,24,8,12,1769
813,r9_c9_b9,27,SAT,1.3087248802185059,150,53,75,5218
814,r9_c9_b9,27,SAT,0.2861790657043457,0,0,0,729
815,r9_c9_b9,27,SAT,0.28487491607666016,0,0,0,729
816,r9_c9_b9,27,SAT,0.288175106048584,0,0,0,729
817,r9_c9_b9,27,SAT,0.28278088569641113,0,0,0,729
818,r9_c9_b9,27,SAT,0.3045308589935303,2,0,1,798
819,r9_c9_b9,27,SAT,0.29044508934020996,3,0,1,736
820,r9_c9_b9,27,SAT,0.359036922454834,4,0,1,798
821,r9_c9_b9,27,SAT,0.30303192138671875,6,1,2,810
822,r9_c9_b9,27,SAT,0.30553388595581055,2,0,1,805
823,r9_c9_b9,27,SAT,0.28513216972351074,3,0,0,726
824,r9_c9_b9,27,SAT,0.28354907035827637,3,0,0,726
825,r9_c9_b9,27,SAT,0.5335338115692139,40,13,18,1824
826,r9_c9_b9,27,SAT,0.3345909118652344,12,2,5,952
827,r9_c9_b9,27,SAT,0.2865877151489258,0,0,0,729
828,r9_c9_b9,27,SAT,0.32795071601867676,6,1,2,934
829,r9_c9_b9,27,SAT,0.3294200897216797,8,1,3,911
830,r9_c9_b9,27,SAT,0.3214590549468994,3,0,1,853
831,r9_c9_b9,27,SAT,0.33910393714904785,6,2,3,948
832,r9_c9_b9,27,SAT,0.2852809429168701,0,0,0,729
833,r9_c9_b9,27,SAT,0.28332018852233887,1,0,0,728
834,r9_c9_b9,27,SAT,0.32379603385925293,5,0,1,757
835,r9_c9_b9,27,SAT,0.297914981842041,0,0,0,729
836,r9_c9_b9,27,SAT,0.6820759773254395,52,18,25,2153
837,r9_c9_b9,27,SAT,0.2858438491821289,0,0,0,729
838,r9_c9_b9,27,SAT,0.2871742248535156,4,0,1,729
839,r9_c9_b9,27,SAT,0.2869381904602051,0,0,0,729
840,r9_c9_b9,27,SAT,0.5120861530303955,49,16,22,1648
841,r9_c9_b9,27,SAT,0.28652310371398926,1,0,0,728
842,r9_c9_b9,27,SAT,0.32121777534484863,5,0,2,857
843,r9_c9_b9,27,SAT,0.29576802253723145,5,0,1,760
844,r9_c9_b9,27,SAT,0.4709799289703369,26,6,11,1576
845,r9_c9_b9,27,SAT,0.3411068916320801,20,3,5,943
846,r9_c9_b9,27,SAT,0.29399800300598145,2,0,0,727
847,r9_c9_b9,27,SAT,0.29468488693237305,3,0,0,726
848,r9_c9_b9,27,SAT,0.3183250427246094,5,0,2,817
849,r9_c9_b9,27,SAT,0.34255480766296387,0,0,0,729
850,r9_c9_b9,27,SAT,0.3042449951171875,3,0,0,726
851,r9_c9_b9,27,SAT,0.30593180656433105,5,0,1,772
852,r9_c9_b9,27,SAT,0.32050490379333496,7,1,3,863
853,r9_c9_b9,27,SAT,0.29256606101989746,4,0,1,743
854,r9_c9_b9,27,SAT,0.29094600677490234,1,0,0,728
855,r9_c9_b9,27,SAT,0.31325197219848633,7,0,2,821
856,r9_c9_b9,27,SAT,0.2841370105743408,1,0,0,728
857,r9_c9_b9,27,SAT,0.29144287109375,2,0,0,727
858,r9_c9_b9,27,SAT,0.37802982330322266,13,2,4,1125
859,r9_c9_b9,27,SAT,0.2932727336883545,2,0,0,727
860,r9_c9_b9,27,SAT,0.32120704650878906,8,1,3,885
861,r9_c9_b9,27,SAT,0.29524803161621094,2,0,0,727
862,r9_c9_b9,27,SAT,0.5033011436462402,34,8,15,1703
863,r9_c9_b9,27,SAT,0.2839391231536865,1,0,0,728
864,r9_c9_b9,27,SAT,0.30051088333129883,2,0,1,793
865,r9_c9_b9,27,SAT,0.30356812477111816,5,0,1,784
866,r9_c9_b9,27,SAT,0.4887368679046631,32,10,15,1585
867,r9_c9_b9,27,SAT,0.3154449462890625,4,0,1,783
868,r9_c9_b9,27,SAT,0.31892991065979004,2,0,1,772
869,r9_c9_b9,27,SAT,0.34598302841186523,20,2,8,964
870,r9_c9_b9,27,SAT,0.3911151885986328,3,0,0,726
871,r9_c9_b9,27,SAT,0.3056671619415283,1,0,0,728
872,r9_c9_b9,27,SAT,0.3299870491027832,2,0,0,727
873,r9_c9_b9,27,SAT,0.5619750022888184,35,9,16,1782
874,r9_c9_b9,27,SAT,0.33907103538513184,6,1,2,847
875,r9_c9_b9,27,SAT,0.3658270835876465,13,1,5,1058
876,r9_c9_b9,27,SAT,0.6092410087585449,49,13,24,2112
877,r9_c9_b9,27,SAT,0.2985043525695801,7,0,0,722
878,r9_c9_b9,27,SAT,0.35762476921081543,3,0,1,791
879,r9_c9_b9,27,SAT,0.28527188301086426,2,0,0,727
880,r9_c9_b9,27,SAT,0.2840719223022461,1,0,0,728
881,r9_c9_b9,27,SAT,0.4867057800292969,46,14,21,1667
882,r9_c9_b9,27,SAT,0.3126387596130371,8,0,1,825
883,r9_c9_b9,27,SAT,0.29006314277648926,1,0,0,728
884,r9_c9_b9,27,SAT,0.2996101379394531,6,0,2,817
885,r9_c9_b9,27,SAT,0.2871129512786865,0,0,0,729
886,r9_c9_b9,27,SAT,0.2984120845794678,5,0,2,779
887,r9_c9_b9,27,SAT,0.4260842800140381,37,10,16,1338
888,r9_c9_b9,27,SAT,0.2904691696166992,0,0,0,729
889,r9_c9_b9,27,SAT,0.31742215156555176,12,2,4,848
890,r9_c9_b9,27,SAT,0.3177659511566162,3,0,1,744
891,r9_c9_b9,27,SAT,0.4141860008239746,23,7,11,1320
892,r9_c9_b9,27,SAT,0.30321288108825684,6,0,2,804
893,r9_c9_b9,27,SAT,0.28113389015197754,2,0,0,727
894,r9_c9_b9,27,SAT,0.3401651382446289,17,5,8,983
895,r9_c9_b9,27,SAT,0.30603814125061035,2,0,1,780
896,r9_c9_b9,27,SAT,0.581751823425293,49,15,24,2021
897,r9_c9_b9,27,SAT,0.4647502899169922,28,5,10,1501
898,r9_c9_b9,27,SAT,0.2879631519317627,1,0,0,728
899,r9_c9_b9,27,SAT,0.2820308208465576,0,0,0,729
900,r9_c9_b9,27,SAT,0.3004417419433594,6,1,2,791
901,r9_c9_b9,27,SAT,0.3228929042816162,8,3,4,873
902,r9_c9_b9,27,SAT,0.33290529251098633,7,2,3,954
903,r9_c9_b9,27,SAT,0.33155298233032227,11,1,4,912
904,r9_c9_b9,27,SAT,0.7489221096038818,62,19,31,2711
905,r9_c9_b9,27,SAT,0.353945255279541,9,0,2,986
906,r9_c9_b9,27,SAT,0.3261270523071289,5,0,0,724
907,r9_c9_b9,27,SAT,0.44901204109191895,22,5,8,1284
908,r9_c9_b9,27,SAT,0.3945121765136719,16,4,7,1051
909,r9_c9_b9,27,SAT,0.30850720405578613,3,0,0,726
910,r9_c9_b9,27,SAT,0.5192530155181885,29,9,14,1691
911,r9_c9_b9,27,SAT,0.454700231552124,34,9,16,1443
912,r9_c9_b9,27,SAT,0.3158900737762451,5,0,1,802
913,r9_c9_b9,27,SAT,0.3025362491607666,4,1,2,766
914,r9_c9_b9,27,SAT,0.502047061920166,39,13,18,1646
915,r9_c9_b9,27,SAT,0.3106529712677002,6,0,1,792
916,r9_c9_b9,27,SAT,0.33644795417785645,20,2,6,922
917,r9_c9_b9,27,SAT,0.3000657558441162,0,0,0,729
918,r9_c9_b9,27,SAT,0.3491039276123047,10,2,3,831
919,r9_c9_b9,27,SAT,0.2923409938812256,0,0,0,729
920,r9_c9_b9,27,SAT,0.5668799877166748,38,11,19,1982
921,r9_c9_b9,27,SAT,0.2963540554046631,2,0,0,727
922,r9_c9_b9,27,SAT,0.3903658390045166,18,3,8,1216
923,r9_c9_b9,27,SAT,0.294755220413208,6,0,1,763
924,r9_c9_b9,27,SAT,0.5138547420501709,32,6,13,1729
925,r9_c9_b9,27,SAT,0.3413999080657959,14,4,6,1007
926,r9_c9_b9,27,SAT,0.302570104598999,4,0,2,805
927,r9_c9_b9,27,SAT,0.29761719703674316,6,0,1,761
928,r9_c9_b9,27,SAT,0.3025698661804199,4,0,2,816
929,r9_c9_b9,27,SAT,0.2881319522857666,4,0,1,749
930,r9_c9_b9,27,SAT,0.2986268997192383,2,0,1,792
931,r9_c9_b9,27,SAT,0.44196319580078125,23,5,9,1416
932,r9_c9_b9,27,SAT,0.32014012336730957,7,2,3,864
933,r9_c9_b9,27,SAT,0.3106200695037842,7,0,2,815
934,r9_c9_b9,27,SAT,0.4041011333465576,7,1,2,958
935,r9_c9_b9,27,SAT,0.41172289848327637,23,5,9,1306
936,r9_c9_b9,27,SAT,0.3039679527282715,3,0,1,748
937,r9_c9_b9,27,SAT,0.3267478942871094,8,3,4,948
938,r9_c9_b9,27,SAT,0.3008997440338135,0,0,0,729
939,r9_c9_b9,27,SAT,0.37865591049194336,13,4,6,1122
940,r9_c9_b9,27,SAT,0.316864013671875,3,0,1,779
941,r9_c9_b9,27,SAT,0.44650793075561523,23,4,8,1441
942,r9_c9_b9,27,SAT,0.3146202564239502,9,0,3,820
943,r9_c9_b9,27,SAT,0.2978780269622803,0,0,0,729
944,r9_c9_b9,27,SAT,0.3196558952331543,5,0,1,773
945,r9_c9_b9,27,SAT,0.83819580078125,57,20,28,2347
946,r9_c9_b9,27,SAT,0.31435418128967285,0,0,0,729
947,r9_c9_b9,27,SAT,0.31967616081237793,5,0,0,724
948,r9_c9_b9,27,SAT,0.31438398361206055,7,0,2,807
949,r9_c9_b9,27,SAT,1.006079912185669,124,40,59,3664
950,r9_c9_b9,27,SAT,0.29268789291381836,0,0,0,729
951,r9_c9_b9,27,SAT,0.37768983840942383,14,2,5,949
952,r9_c9_b9,27,SAT,0.35468173027038574,15,5,6,964
953,r9_c9_b9,27,SAT,0.339526891708374,7,0,2,814
954,r9_c9_b9,27,SAT,0.34090590476989746,4,0,2,887
955,r9_c9_b9,27,SAT,0.3435509204864502,6,2,3,917
956,r9_c9_b9,27,SAT,0.3419620990753174,7,2,3,907
957,r9_c9_b9,27,SAT,0.293302059173584,4,0,0,725
958,r9_c9_b9,27,SAT,0.3115570545196533,2,0,1,817
959,r9_c9_b9,27,SAT,0.3300051689147949,4,1,2,883
960,r9_c9_b9,27,SAT,0.37894511222839355,7,1,3,876
961,r9_c9_b9,27,SAT,0.31514596939086914,7,0,2,878
962,r9_c9_b9,27,SAT,0.3112800121307373,4,0,2,782
963,r9_c9_b9,27,SAT,0.3032088279724121,3,0,1,775
964,r9_c9_b9,27,SAT,0.5760025978088379,28,9,14,1937
965,r9_c9_b9,27,SAT,0.4342200756072998,42,10,21,1447
966,r9_c9_b9,27,SAT,0.48337316513061523,34,10,15,1583
967,r9_c9_b9,27,SAT,0.3670170307159424,6,1,3,1040
968,r9_c9_b9,27,SAT,0.2895519733428955,2,0,0,727
969,r9_c9_b9,27,SAT,0.4076390266418457,19,6,9,1235
970,r9_c9_b9,27,SAT,0.6524538993835449,65,19,30,2280
971,r9_c9_b9,27,SAT,0.369063138961792,15,2,5,1091
972,r9_c9_b9,27,SAT,0.33022093772888184,11,3,5,930
973,r9_c9_b9,27,SAT,0.4648280143737793,21,4,9,1507
974,r9_c9_b9,27,SAT,0.30571699142456055,3,0,1,794
975,r9_c9_b9,27,SAT,0.2987198829650879,4,0,1,743
976,r9_c9_b9,27,SAT,0.40016698837280273,21,6,10,1258
977,r9_c9_b9,27,SAT,0.3453977108001709,6,1,3,967
978,r9_c9_b9,27,SAT,0.3040299415588379,3,0,1,794
979,r9_c9_b9,27,SAT,0.36740684509277344,14,3,5,1093
980,r9_c9_b9,27,SAT,0.34165334701538086,10,2,5,963
981,r9_c9_b9,27,SAT,0.2928779125213623,3,0,0,726
982,r9_c9_b9,27,SAT,0.31473207473754883,7,0,2,879
983,r9_c9_b9,27,SAT,0.4280228614807129,27,8,12,1353
984,r9_c9_b9,27,SAT,0.33943700790405273,11,0,2,857
985,r9_c9_b9,27,SAT,0.30391597747802734,4,0,1,760
986,r9_c9_b9,27,SAT,0.3284032344818115,9,2,4,920
987,r9_c9_b9,27,SAT,0.36029696464538574,6,1,2,767
988,r9_c9_b9,27,SAT,0.293612003326416,6,0,1,777
989,r9_c9_b9,27,SAT,0.34987902641296387,10,3,5,963
990,r9_c9_b9,27,SAT,0.3006560802459717,3,0,0,726
991,r9_c9_b9,27,SAT,0.29323697090148926,0,0,0,729
992,r9_c9_b9,27,SAT,0.8215289115905762,61,21,30,3033
993,r9_c9_b9,27,SAT,0.29142117500305176,3,0,1,749
994,r9_c9_b9,27,SAT,0.31444406509399414,5,1,2,847
995,r9_c9_b9,27,SAT,0.6475510597229004,69,24,34,2337
996,r9_c9_b9,27,SAT,0.331906795501709,2,0,1,812
997,r9_c9_b9,27,SAT,0.3142588138580322,3,0,1,837
998,r9_c9_b9,27,SAT,0.29332399368286133,5,0,1,763
999,r9_c9_b9,27,SAT,0.31374621391296387,1,0,0,728
1000,r9_c9_b9,27,SAT,0.2933800220489502,4,0,1,757
1001,r9_c9_b9,27,SAT,0.28441500663757324,1,0,0,728
1002,r9_c9_b9,27,SAT,0.568587064743042,40,13,18,1888
1003,r9_c9_b9,27,SAT,0.3291740417480469,11,1,3,857
1004,r9_c9_b9,27,SAT,0.315047025680542,6,1,2,839
1005,r9_c9_b9,27,SAT,0.30687999725341797,2,0,1,767
1006,r9_c9_b9,27,SAT,0.2973949909210205,1,0,0,728
1007,r9_c9_b9,27,SAT,0.4450259208679199,25,7,12,1433
1008,r9_c9_b9,27,SAT,0.29712915420532227,0,0,0,729
1009,r9_c9_b9,27,SAT,0.3144700527191162,7,1,3,905
1010,r9_c9_b9,27,SAT,0.32678818702697754,7,2,3,901
1011,r9_c9_b9,27,SAT,0.3496379852294922,25,5,9,1059
